City,County,Population,Description
Fort Myers,Lee,99918,"Fort Myers, Lee homeowners count on us for proactive tree care before Florida’s hurricane season ramps up. We handle structural pruning, cabling/bracing, and risk assessments so your trees are safer and your property stays protected. Schedule a quick on-site evaluation and get clear, local recommendations. You’ll get practical advice tailored to your lot and tree mix."
North Port,Sarasota,92875,"In North Port in Sarasota, we specialize in caring for Florida favorites like Live Oak and palm trees. From canopy shaping to nutrient management, we keep growth healthy and curb pests before they spread. Expect tidy work, clear communication, and results you can see. We work around your schedule and keep you updated the whole way."
Deerfield Beach,Broward,90507,"Deerfield Beach, Broward homeowners count on us for proactive tree care before Florida’s hurricane season ramps up. We handle structural pruning, cabling/bracing, and risk assessments so your trees are safer and your property stays protected. Schedule a quick on-site evaluation and get clear, local recommendations. We prioritize safe access, proper cuts, and a clean finish."
Melbourne,Brevard,87561,"From classic Live Oaks to coastal-style palms, Melbourne homes in Brevard deserve expert tree care. We tailor pruning to each species, improve airflow and light, and help prevent common issues like rot and nutrient stress. Reliable scheduling and clean job sites are standard with us. You’ll get practical advice tailored to your lot and tree mix."
Daytona Beach,Volusia,86015,"Daytona Beach, Volusia landscapes look their best when Live Oaks are properly pruned and palms are maintained on schedule. We focus on clean cuts, proper frond removal, and long-term tree health—not shortcuts. Our crew shows up on time and treats your property with respect. We work around your schedule and keep you updated the whole way."
Homestead,Miami-Dade,85796,"Homestead, Miami-Dade homeowners count on us for proactive tree care before Florida’s hurricane season ramps up. We handle structural pruning, cabling/bracing, and risk assessments so your trees are safer and your property stays protected. Schedule a quick on-site evaluation and get clear, local recommendations. We prioritize safe access, proper cuts, and a clean finish."
Kissimmee,Osceola,84756,"From classic Live Oaks to coastal-style palms, Kissimmee homes in Osceola deserve expert tree care. We tailor pruning to each species, improve airflow and light, and help prevent common issues like rot and nutrient stress. Reliable scheduling and clean job sites are standard with us. We prioritize safe access, proper cuts, and a clean finish."
Doral,Miami-Dade,83625,"Doral, Miami-Dade homeowners count on us for proactive tree care before Florida’s hurricane season ramps up. We handle structural pruning, cabling/bracing, and risk assessments so your trees are safer and your property stays protected. Schedule a quick on-site evaluation and get clear, local recommendations. We work around your schedule and keep you updated the whole way."
Miami Beach,Miami-Dade,83251,"Hurricane season in Florida can be tough on mature trees around Miami Beach, Miami-Dade. Our team strengthens your landscape with strategic pruning, root-zone care, and safety checks for leaning or split trunks. It’s a practical way to protect what you’ve invested in. You’ll get practical advice tailored to your lot and tree mix."
Boynton Beach,Palm Beach,83095,"Boynton Beach property owners throughout Palm Beach rely on us for careful Live Oak pruning and palm maintenance that follows best practices. We remove dead or hazardous limbs, improve structure, and keep your yard looking polished year-round. Count on friendly pros who take safety seriously. You’ll get practical advice tailored to your lot and tree mix."
Largo,Pinellas,82337,"Hurricane season in Florida can be tough on mature trees around Largo, Pinellas. Our team strengthens your landscape with strategic pruning, root-zone care, and safety checks for leaning or split trunks. It’s a practical way to protect what you’ve invested in. You’ll get practical advice tailored to your lot and tree mix."
Lauderhill,Broward,76627,"Lauderhill, Broward landscapes look their best when Live Oaks are properly pruned and palms are maintained on schedule. We focus on clean cuts, proper frond removal, and long-term tree health—not shortcuts. Our crew shows up on time and treats your property with respect. We prioritize safe access, proper cuts, and a clean finish."
Tamarac,Broward,75147,"Tamarac, Broward landscapes look their best when Live Oaks are properly pruned and palms are maintained on schedule. We focus on clean cuts, proper frond removal, and long-term tree health—not shortcuts. Our crew shows up on time and treats your property with respect. We work around your schedule and keep you updated the whole way."
St. Cloud,Osceola,71036,"In St. Cloud in Osceola, we specialize in caring for Florida favorites like Live Oak and palm trees. From canopy shaping to nutrient management, we keep growth healthy and curb pests before they spread. Expect tidy work, clear communication, and results you can see. You’ll get practical advice tailored to your lot and tree mix."
Weston,Broward,70674,"Weston, Broward landscapes look their best when Live Oaks are properly pruned and palms are maintained on schedule. We focus on clean cuts, proper frond removal, and long-term tree health—not shortcuts. Our crew shows up on time and treats your property with respect. We work around your schedule and keep you updated the whole way."
Ocala,Marion,70251,"Ocala, Marion landscapes look their best when Live Oaks are properly pruned and palms are maintained on schedule. We focus on clean cuts, proper frond removal, and long-term tree health—not shortcuts. Our crew shows up on time and treats your property with respect. You’ll get practical advice tailored to your lot and tree mix."
Delray Beach,Palm Beach,70140,"Delray Beach, Palm Beach homeowners count on us for proactive tree care before Florida’s hurricane season ramps up. We handle structural pruning, cabling/bracing, and risk assessments so your trees are safer and your property stays protected. Schedule a quick on-site evaluation and get clear, local recommendations. You’ll get practical advice tailored to your lot and tree mix."
Sanford,Seminole,66919,"Sanford, Seminole landscapes look their best when Live Oaks are properly pruned and palms are maintained on schedule. We focus on clean cuts, proper frond removal, and long-term tree health—not shortcuts. Our crew shows up on time and treats your property with respect. We work around your schedule and keep you updated the whole way."
Port Orange,Volusia,66556,"In Port Orange in Volusia, we specialize in caring for Florida favorites like Live Oak and palm trees. From canopy shaping to nutrient management, we keep growth healthy and curb pests before they spread. Expect tidy work, clear communication, and results you can see. We work around your schedule and keep you updated the whole way."
Wellington,Palm Beach,62650,"Wellington, Palm Beach landscapes look their best when Live Oaks are properly pruned and palms are maintained on schedule. We focus on clean cuts, proper frond removal, and long-term tree health—not shortcuts. Our crew shows up on time and treats your property with respect. You’ll get practical advice tailored to your lot and tree mix."
Jupiter,Palm Beach,62987,"In Jupiter in Palm Beach, storm-ready trees make a real difference when the winds pick up. Our ISA-style approach focuses on balance pruning, weak-limb reduction, and hazard removal to reduce breakage during hurricane season. You’ll get a straightforward plan and dependable service from start to finish. We prioritize safe access, proper cuts, and a clean finish."
Apopka,Orange,62777,"From classic Live Oaks to coastal-style palms, Apopka homes in Orange deserve expert tree care. We tailor pruning to each species, improve airflow and light, and help prevent common issues like rot and nutrient stress. Reliable scheduling and clean job sites are standard with us. You’ll get practical advice tailored to your lot and tree mix."
North Miami,Miami-Dade,62202,"From classic Live Oaks to coastal-style palms, North Miami homes in Miami-Dade deserve expert tree care. We tailor pruning to each species, improve airflow and light, and help prevent common issues like rot and nutrient stress. Reliable scheduling and clean job sites are standard with us. We prioritize safe access, proper cuts, and a clean finish."
Margate,Broward,60650,"In Margate in Broward, we specialize in caring for Florida favorites like Live Oak and palm trees. From canopy shaping to nutrient management, we keep growth healthy and curb pests before they spread. Expect tidy work, clear communication, and results you can see. You’ll get practical advice tailored to your lot and tree mix."
Winter Haven,Polk,59975,"Healthy trees add value in Winter Haven, Polk, especially when Live Oaks and palms are maintained the right way. We provide seasonal trimming, disease monitoring, and soil-focused care to support steady growth. You’ll get professional service with a neighborly, local feel. We prioritize safe access, proper cuts, and a clean finish."
Coconut Creek,Broward,59721,"In Coconut Creek in Broward, storm-ready trees make a real difference when the winds pick up. Our ISA-style approach focuses on balance pruning, weak-limb reduction, and hazard removal to reduce breakage during hurricane season. You’ll get a straightforward plan and dependable service from start to finish. You’ll get practical advice tailored to your lot and tree mix."
Bradenton,Manatee,58184,"Bradenton property owners throughout Manatee rely on us for careful Live Oak pruning and palm maintenance that follows best practices. We remove dead or hazardous limbs, improve structure, and keep your yard looking polished year-round. Count on friendly pros who take safety seriously. We work around your schedule and keep you updated the whole way."
Sarasota,Sarasota,57764,"Sarasota property owners throughout Sarasota rely on us for careful Live Oak pruning and palm maintenance that follows best practices. We remove dead or hazardous limbs, improve structure, and keep your yard looking polished year-round. Count on friendly pros who take safety seriously. We work around your schedule and keep you updated the whole way."
Bonita Springs,Lee,57112,"Bonita Springs property owners throughout Lee rely on us for careful Live Oak pruning and palm maintenance that follows best practices. We remove dead or hazardous limbs, improve structure, and keep your yard looking polished year-round. Count on friendly pros who take safety seriously. We prioritize safe access, proper cuts, and a clean finish."
Pensacola,Escambia,53898,"From classic Live Oaks to coastal-style palms, Pensacola homes in Escambia deserve expert tree care. We tailor pruning to each species, improve airflow and light, and help prevent common issues like rot and nutrient stress. Reliable scheduling and clean job sites are standard with us. We work around your schedule and keep you updated the whole way."
Pinellas Park,Pinellas,53503,"Pinellas Park property owners throughout Pinellas rely on us for careful Live Oak pruning and palm maintenance that follows best practices. We remove dead or hazardous limbs, improve structure, and keep your yard looking polished year-round. Count on friendly pros who take safety seriously. We prioritize safe access, proper cuts, and a clean finish."
Ocoee,Orange,51269,"Ocoee property owners throughout Orange rely on us for careful Live Oak pruning and palm maintenance that follows best practices. We remove dead or hazardous limbs, improve structure, and keep your yard looking polished year-round. Count on friendly pros who take safety seriously. We prioritize safe access, proper cuts, and a clean finish."
Clermont,Lake,50851,"From classic Live Oaks to coastal-style palms, Clermont homes in Lake deserve expert tree care. We tailor pruning to each species, improve airflow and light, and help prevent common issues like rot and nutrient stress. Reliable scheduling and clean job sites are standard with us. We prioritize safe access, proper cuts, and a clean finish."
Fort Pierce,St. Lucie,50805,"Fort Pierce, St. Lucie landscapes look their best when Live Oaks are properly pruned and palms are maintained on schedule. We focus on clean cuts, proper frond removal, and long-term tree health—not shortcuts. Our crew shows up on time and treats your property with respect. You’ll get practical advice tailored to your lot and tree mix."
Coral Gables,Miami-Dade,50379,"Coral Gables, Miami-Dade landscapes look their best when Live Oaks are properly pruned and palms are maintained on schedule. We focus on clean cuts, proper frond removal, and long-term tree health—not shortcuts. Our crew shows up on time and treats your property with respect. We prioritize safe access, proper cuts, and a clean finish."
Titusville,Brevard,49883,"Titusville, Brevard landscapes look their best when Live Oaks are properly pruned and palms are maintained on schedule. We focus on clean cuts, proper frond removal, and long-term tree health—not shortcuts. Our crew shows up on time and treats your property with respect. We prioritize safe access, proper cuts, and a clean finish."
Winter Garden,Orange,48771,"In Winter Garden in Orange, we specialize in caring for Florida favorites like Live Oak and palm trees. From canopy shaping to nutrient management, we keep growth healthy and curb pests before they spread. Expect tidy work, clear communication, and results you can see. We prioritize safe access, proper cuts, and a clean finish."
Altamonte Springs,Seminole,47261,"Healthy trees add value in Altamonte Springs, Seminole, especially when Live Oaks and palms are maintained the right way. We provide seasonal trimming, disease monitoring, and soil-focused care to support steady growth. You’ll get professional service with a neighborly, local feel. We work around your schedule and keep you updated the whole way."
Cutler Bay,Miami-Dade,45833,"Cutler Bay, Miami-Dade landscapes look their best when Live Oaks are properly pruned and palms are maintained on schedule. We focus on clean cuts, proper frond removal, and long-term tree health—not shortcuts. Our crew shows up on time and treats your property with respect. You’ll get practical advice tailored to your lot and tree mix."
Oakland Park,Broward,45771,"From classic Live Oaks to coastal-style palms, Oakland Park homes in Broward deserve expert tree care. We tailor pruning to each species, improve airflow and light, and help prevent common issues like rot and nutrient stress. Reliable scheduling and clean job sites are standard with us. You’ll get practical advice tailored to your lot and tree mix."
DeLand,Volusia,45587,"In DeLand in Volusia, storm-ready trees make a real difference when the winds pick up. Our ISA-style approach focuses on balance pruning, weak-limb reduction, and hazard removal to reduce breakage during hurricane season. You’ll get a straightforward plan and dependable service from start to finish. You’ll get practical advice tailored to your lot and tree mix."
Greenacres,Palm Beach,45197,"If you’re in Greenacres, Palm Beach, now is the time to prep your canopy for hurricane season. We inspect for decay, correct overgrowth near roofs and power lines, and recommend removals only when truly necessary. Expect clean work, honest guidance, and fast turnaround. You’ll get practical advice tailored to your lot and tree mix."
Ormond Beach,Volusia,44596,"From classic Live Oaks to coastal-style palms, Ormond Beach homes in Volusia deserve expert tree care. We tailor pruning to each species, improve airflow and light, and help prevent common issues like rot and nutrient stress. Reliable scheduling and clean job sites are standard with us. We work around your schedule and keep you updated the whole way."
Plant City,Hillsborough,43046,"From classic Live Oaks to coastal-style palms, Plant City homes in Hillsborough deserve expert tree care. We tailor pruning to each species, improve airflow and light, and help prevent common issues like rot and nutrient stress. Reliable scheduling and clean job sites are standard with us. We work around your schedule and keep you updated the whole way."
Haines City,Polk,42073,"In Haines City in Polk, storm-ready trees make a real difference when the winds pick up. Our ISA-style approach focuses on balance pruning, weak-limb reduction, and hazard removal to reduce breakage during hurricane season. You’ll get a straightforward plan and dependable service from start to finish. We work around your schedule and keep you updated the whole way."
Oviedo,Seminole,41901,"If you’re in Oviedo, Seminole, now is the time to prep your canopy for hurricane season. We inspect for decay, correct overgrowth near roofs and power lines, and recommend removals only when truly necessary. Expect clean work, honest guidance, and fast turnaround. We work around your schedule and keep you updated the whole way."
Winter Springs,Seminole,38021,"From classic Live Oaks to coastal-style palms, Winter Springs homes in Seminole deserve expert tree care. We tailor pruning to each species, improve airflow and light, and help prevent common issues like rot and nutrient stress. Reliable scheduling and clean job sites are standard with us. We work around your schedule and keep you updated the whole way."
Leesburg,Lake,37815,"Leesburg, Lake homeowners count on us for proactive tree care before Florida’s hurricane season ramps up. We handle structural pruning, cabling/bracing, and risk assessments so your trees are safer and your property stays protected. Schedule a quick on-site evaluation and get clear, local recommendations. We prioritize safe access, proper cuts, and a clean finish."
Cooper City,Broward,35800,"In Cooper City in Broward, we specialize in caring for Florida favorites like Live Oak and palm trees. From canopy shaping to nutrient management, we keep growth healthy and curb pests before they spread. Expect tidy work, clear communication, and results you can see. You’ll get practical advice tailored to your lot and tree mix."
Parkland,Broward,35500,"Parkland residents across Broward trust our crew to tighten up trees ahead of hurricane season. From crown thinning to deadwood removal, we improve wind flow and reduce the chance of limb failure. We keep it professional, prompt, and safety-first. We work around your schedule and keep you updated the whole way."
Panama City,Bay,34200,"From classic Live Oaks to coastal-style palms, Panama City homes in Bay deserve expert tree care. We tailor pruning to each species, improve airflow and light, and help prevent common issues like rot and nutrient stress. Reliable scheduling and clean job sites are standard with us. You’ll get practical advice tailored to your lot and tree mix."
Riviera Beach,Palm Beach,34100,"In Riviera Beach in Palm Beach, we specialize in caring for Florida favorites like Live Oak and palm trees. From canopy shaping to nutrient management, we keep growth healthy and curb pests before they spread. Expect tidy work, clear communication, and results you can see. You’ll get practical advice tailored to your lot and tree mix."
Miami Lakes,Miami-Dade,31500,"From classic Live Oaks to coastal-style palms, Miami Lakes homes in Miami-Dade deserve expert tree care. We tailor pruning to each species, improve airflow and light, and help prevent common issues like rot and nutrient stress. Reliable scheduling and clean job sites are standard with us. We prioritize safe access, proper cuts, and a clean finish."
Winter Park,Orange,30630,"Winter Park property owners throughout Orange rely on us for careful Live Oak pruning and palm maintenance that follows best practices. We remove dead or hazardous limbs, improve structure, and keep your yard looking polished year-round. Count on friendly pros who take safety seriously. We prioritize safe access, proper cuts, and a clean finish."
Dania Beach,Broward,30500,"From classic Live Oaks to coastal-style palms, Dania Beach homes in Broward deserve expert tree care. We tailor pruning to each species, improve airflow and light, and help prevent common issues like rot and nutrient stress. Reliable scheduling and clean job sites are standard with us. You’ll get practical advice tailored to your lot and tree mix."
Casselberry,Seminole,30115,"Hurricane season in Florida can be tough on mature trees around Casselberry, Seminole. Our team strengthens your landscape with strategic pruning, root-zone care, and safety checks for leaning or split trunks. It’s a practical way to protect what you’ve invested in. We work around your schedule and keep you updated the whole way."
New Smyrna Beach,Volusia,30100,"Healthy trees add value in New Smyrna Beach, Volusia, especially when Live Oaks and palms are maintained the right way. We provide seasonal trimming, disease monitoring, and soil-focused care to support steady growth. You’ll get professional service with a neighborly, local feel. You’ll get practical advice tailored to your lot and tree mix."
Rockledge,Brevard,28400,"Rockledge, Brevard landscapes look their best when Live Oaks are properly pruned and palms are maintained on schedule. We focus on clean cuts, proper frond removal, and long-term tree health—not shortcuts. Our crew shows up on time and treats your property with respect. We work around your schedule and keep you updated the whole way."
Crestview,Okaloosa,27900,"In Crestview in Okaloosa, storm-ready trees make a real difference when the winds pick up. Our ISA-style approach focuses on balance pruning, weak-limb reduction, and hazard removal to reduce breakage during hurricane season. You’ll get a straightforward plan and dependable service from start to finish. You’ll get practical advice tailored to your lot and tree mix."
Venice,Sarasota,27100,"Venice, Sarasota landscapes look their best when Live Oaks are properly pruned and palms are maintained on schedule. We focus on clean cuts, proper frond removal, and long-term tree health—not shortcuts. Our crew shows up on time and treats your property with respect. You’ll get practical advice tailored to your lot and tree mix."
Temple Terrace,Hillsborough,26900,"In Temple Terrace in Hillsborough, we specialize in caring for Florida favorites like Live Oak and palm trees. From canopy shaping to nutrient management, we keep growth healthy and curb pests before they spread. Expect tidy work, clear communication, and results you can see. You’ll get practical advice tailored to your lot and tree mix."
Key West,Monroe,25800,"If you’re in Key West, Monroe, now is the time to prep your canopy for hurricane season. We inspect for decay, correct overgrowth near roofs and power lines, and recommend removals only when truly necessary. Expect clean work, honest guidance, and fast turnaround. We work around your schedule and keep you updated the whole way."
West Melbourne,Brevard,25385,"Healthy trees add value in West Melbourne, Brevard, especially when Live Oaks and palms are maintained the right way. We provide seasonal trimming, disease monitoring, and soil-focused care to support steady growth. You’ll get professional service with a neighborly, local feel. You’ll get practical advice tailored to your lot and tree mix."
Tarpon Springs,Pinellas,25100,"In Tarpon Springs in Pinellas, we specialize in caring for Florida favorites like Live Oak and palm trees. From canopy shaping to nutrient management, we keep growth healthy and curb pests before they spread. Expect tidy work, clear communication, and results you can see. We prioritize safe access, proper cuts, and a clean finish."
Sebastian,Indian River,25050,"Healthy trees add value in Sebastian, Indian River, especially when Live Oaks and palms are maintained the right way. We provide seasonal trimming, disease monitoring, and soil-focused care to support steady growth. You’ll get professional service with a neighborly, local feel. We prioritize safe access, proper cuts, and a clean finish."
Palmetto Bay,Miami-Dade,24100,"Healthy trees add value in Palmetto Bay, Miami-Dade, especially when Live Oaks and palms are maintained the right way. We provide seasonal trimming, disease monitoring, and soil-focused care to support steady growth. You’ll get professional service with a neighborly, local feel. You’ll get practical advice tailored to your lot and tree mix."
Eustis,Lake,24180,"In Eustis in Lake, storm-ready trees make a real difference when the winds pick up. Our ISA-style approach focuses on balance pruning, weak-limb reduction, and hazard removal to reduce breakage during hurricane season. You’ll get a straightforward plan and dependable service from start to finish. You’ll get practical advice tailored to your lot and tree mix."
Groveland,Lake,23697,"Groveland, Lake homeowners count on us for proactive tree care before Florida’s hurricane season ramps up. We handle structural pruning, cabling/bracing, and risk assessments so your trees are safer and your property stays protected. Schedule a quick on-site evaluation and get clear, local recommendations. We work around your schedule and keep you updated the whole way."
Jacksonville Beach,Duval,23400,"Jacksonville Beach, Duval landscapes look their best when Live Oaks are properly pruned and palms are maintained on schedule. We focus on clean cuts, proper frond removal, and long-term tree health—not shortcuts. Our crew shows up on time and treats your property with respect. We prioritize safe access, proper cuts, and a clean finish."
Fort Walton Beach,Okaloosa,22100,"In Fort Walton Beach in Okaloosa, we specialize in caring for Florida favorites like Live Oak and palm trees. From canopy shaping to nutrient management, we keep growth healthy and curb pests before they spread. Expect tidy work, clear communication, and results you can see. You’ll get practical advice tailored to your lot and tree mix."
DeBary,Volusia,21900,"In DeBary in Volusia, storm-ready trees make a real difference when the winds pick up. Our ISA-style approach focuses on balance pruning, weak-limb reduction, and hazard removal to reduce breakage during hurricane season. You’ll get a straightforward plan and dependable service from start to finish. We prioritize safe access, proper cuts, and a clean finish."
Tavares,Lake,21530,"From classic Live Oaks to coastal-style palms, Tavares homes in Lake deserve expert tree care. We tailor pruning to each species, improve airflow and light, and help prevent common issues like rot and nutrient stress. Reliable scheduling and clean job sites are standard with us. You’ll get practical advice tailored to your lot and tree mix."
Maitland,Orange,20042,"From classic Live Oaks to coastal-style palms, Maitland homes in Orange deserve expert tree care. We tailor pruning to each species, improve airflow and light, and help prevent common issues like rot and nutrient stress. Reliable scheduling and clean job sites are standard with us. We prioritize safe access, proper cuts, and a clean finish."
Punta Gorda,Charlotte,20000,"In Punta Gorda in Charlotte, we specialize in caring for Florida favorites like Live Oak and palm trees. From canopy shaping to nutrient management, we keep growth healthy and curb pests before they spread. Expect tidy work, clear communication, and results you can see. We prioritize safe access, proper cuts, and a clean finish."
Naples,Collier,19800,"Naples property owners throughout Collier rely on us for careful Live Oak pruning and palm maintenance that follows best practices. We remove dead or hazardous limbs, improve structure, and keep your yard looking polished year-round. Count on friendly pros who take safety seriously. We prioritize safe access, proper cuts, and a clean finish."
Seminole,Pinellas,19300,"From classic Live Oaks to coastal-style palms, Seminole homes in Pinellas deserve expert tree care. We tailor pruning to each species, improve airflow and light, and help prevent common issues like rot and nutrient stress. Reliable scheduling and clean job sites are standard with us. We work around your schedule and keep you updated the whole way."
Stuart,Martin,18200,"If you’re in Stuart, Martin, now is the time to prep your canopy for hurricane season. We inspect for decay, correct overgrowth near roofs and power lines, and recommend removals only when truly necessary. Expect clean work, honest guidance, and fast turnaround. We work around your schedule and keep you updated the whole way."
Mount Dora,Lake,18227,"Healthy trees add value in Mount Dora, Lake, especially when Live Oaks and palms are maintained the right way. We provide seasonal trimming, disease monitoring, and soil-focused care to support steady growth. You’ll get professional service with a neighborly, local feel. We prioritize safe access, proper cuts, and a clean finish."
Marco Island,Collier,17900,"Marco Island, Collier homeowners count on us for proactive tree care before Florida’s hurricane season ramps up. We handle structural pruning, cabling/bracing, and risk assessments so your trees are safer and your property stays protected. Schedule a quick on-site evaluation and get clear, local recommendations. You’ll get practical advice tailored to your lot and tree mix."
Lake Mary,Seminole,17423,"From classic Live Oaks to coastal-style palms, Lake Mary homes in Seminole deserve expert tree care. We tailor pruning to each species, improve airflow and light, and help prevent common issues like rot and nutrient stress. Reliable scheduling and clean job sites are standard with us. We prioritize safe access, proper cuts, and a clean finish."
Wildwood,Sumter,17354,"If you’re in Wildwood, Sumter, now is the time to prep your canopy for hurricane season. We inspect for decay, correct overgrowth near roofs and power lines, and recommend removals only when truly necessary. Expect clean work, honest guidance, and fast turnaround. We work around your schedule and keep you updated the whole way."
Zephyrhills,Pasco,17092,"Healthy trees add value in Zephyrhills, Pasco, especially when Live Oaks and palms are maintained the right way. We provide seasonal trimming, disease monitoring, and soil-focused care to support steady growth. You’ll get professional service with a neighborly, local feel. We prioritize safe access, proper cuts, and a clean finish."
Longwood,Seminole,16617,"Healthy trees add value in Longwood, Seminole, especially when Live Oaks and palms are maintained the right way. We provide seasonal trimming, disease monitoring, and soil-focused care to support steady growth. You’ll get professional service with a neighborly, local feel. You’ll get practical advice tailored to your lot and tree mix."
Niceville,Okaloosa,16200,"Healthy trees add value in Niceville, Okaloosa, especially when Live Oaks and palms are maintained the right way. We provide seasonal trimming, disease monitoring, and soil-focused care to support steady growth. You’ll get professional service with a neighborly, local feel. We work around your schedule and keep you updated the whole way."
St. Augustine,St. Johns,15100,"St. Augustine, St. Johns landscapes look their best when Live Oaks are properly pruned and palms are maintained on schedule. We focus on clean cuts, proper frond removal, and long-term tree health—not shortcuts. Our crew shows up on time and treats your property with respect. We prioritize safe access, proper cuts, and a clean finish."
Destin,Okaloosa,14300,"Hurricane season in Florida can be tough on mature trees around Destin, Okaloosa. Our team strengthens your landscape with strategic pruning, root-zone care, and safety checks for leaning or split trunks. It’s a practical way to protect what you’ve invested in. You’ll get practical advice tailored to your lot and tree mix."
Orange City,Volusia,13483,"Orange City, Volusia homeowners count on us for proactive tree care before Florida’s hurricane season ramps up. We handle structural pruning, cabling/bracing, and risk assessments so your trees are safer and your property stays protected. Schedule a quick on-site evaluation and get clear, local recommendations. You’ll get practical advice tailored to your lot and tree mix."
Palmetto,Manatee,13100,"From classic Live Oaks to coastal-style palms, Palmetto homes in Manatee deserve expert tree care. We tailor pruning to each species, improve airflow and light, and help prevent common issues like rot and nutrient stress. Reliable scheduling and clean job sites are standard with us. You’ll get practical advice tailored to your lot and tree mix."
Fernandina Beach,Nassau,13050,"If you’re in Fernandina Beach, Nassau, now is the time to prep your canopy for hurricane season. We inspect for decay, correct overgrowth near roofs and power lines, and recommend removals only when truly necessary. Expect clean work, honest guidance, and fast turnaround. We prioritize safe access, proper cuts, and a clean finish."
Wilton Manors,Broward,12857,"Wilton Manors, Broward homeowners count on us for proactive tree care before Florida’s hurricane season ramps up. We handle structural pruning, cabling/bracing, and risk assessments so your trees are safer and your property stays protected. Schedule a quick on-site evaluation and get clear, local recommendations. You’ll get practical advice tailored to your lot and tree mix."
Lake City,Columbia,12300,"From classic Live Oaks to coastal-style palms, Lake City homes in Columbia deserve expert tree care. We tailor pruning to each species, improve airflow and light, and help prevent common issues like rot and nutrient stress. Reliable scheduling and clean job sites are standard with us. We work around your schedule and keep you updated the whole way."
Sebring,Highlands,11200,"Hurricane season in Florida can be tough on mature trees around Sebring, Highlands. Our team strengthens your landscape with strategic pruning, root-zone care, and safety checks for leaning or split trunks. It’s a practical way to protect what you’ve invested in. We prioritize safe access, proper cuts, and a clean finish."
Milton,Santa Rosa,10800,"Milton, Santa Rosa homeowners count on us for proactive tree care before Florida’s hurricane season ramps up. We handle structural pruning, cabling/bracing, and risk assessments so your trees are safer and your property stays protected. Schedule a quick on-site evaluation and get clear, local recommendations. You’ll get practical advice tailored to your lot and tree mix."
Avon Park,Highlands,10100,"If you’re in Avon Park, Highlands, now is the time to prep your canopy for hurricane season. We inspect for decay, correct overgrowth near roofs and power lines, and recommend removals only when truly necessary. Expect clean work, honest guidance, and fast turnaround. You’ll get practical advice tailored to your lot and tree mix."
Palatka,Putnam,10050,"If you’re in Palatka, Putnam, now is the time to prep your canopy for hurricane season. We inspect for decay, correct overgrowth near roofs and power lines, and recommend removals only when truly necessary. Expect clean work, honest guidance, and fast turnaround. We prioritize safe access, proper cuts, and a clean finish."
Mascotte,Lake,9215,"In Mascotte in Lake, we specialize in caring for Florida favorites like Live Oak and palm trees. From canopy shaping to nutrient management, we keep growth healthy and curb pests before they spread. Expect tidy work, clear communication, and results you can see. You’ll get practical advice tailored to your lot and tree mix."
Brooksville,Hernando,8900,"Brooksville, Hernando landscapes look their best when Live Oaks are properly pruned and palms are maintained on schedule. We focus on clean cuts, proper frond removal, and long-term tree health—not shortcuts. Our crew shows up on time and treats your property with respect. We work around your schedule and keep you updated the whole way."
West Miami,Miami-Dade,8915,"West Miami, Miami-Dade landscapes look their best when Live Oaks are properly pruned and palms are maintained on schedule. We focus on clean cuts, proper frond removal, and long-term tree health—not shortcuts. Our crew shows up on time and treats your property with respect. We work around your schedule and keep you updated the whole way."
Quincy,Gadsden,8200,"Quincy property owners throughout Gadsden rely on us for careful Live Oak pruning and palm maintenance that follows best practices. We remove dead or hazardous limbs, improve structure, and keep your yard looking polished year-round. Count on friendly pros who take safety seriously. We work around your schedule and keep you updated the whole way."
Arcadia,DeSoto,7900,"Healthy trees add value in Arcadia, DeSoto, especially when Live Oaks and palms are maintained the right way. We provide seasonal trimming, disease monitoring, and soil-focused care to support steady growth. You’ll get professional service with a neighborly, local feel. You’ll get practical advice tailored to your lot and tree mix."
Perry,Taylor,7100,"Perry, Taylor landscapes look their best when Live Oaks are properly pruned and palms are maintained on schedule. We focus on clean cuts, proper frond removal, and long-term tree health—not shortcuts. Our crew shows up on time and treats your property with respect. We work around your schedule and keep you updated the whole way."
Sanibel,Lee,6800,"Healthy trees add value in Sanibel, Lee, especially when Live Oaks and palms are maintained the right way. We provide seasonal trimming, disease monitoring, and soil-focused care to support steady growth. You’ll get professional service with a neighborly, local feel. We prioritize safe access, proper cuts, and a clean finish."
Macclenny,Baker,6500,"Macclenny property owners throughout Baker rely on us for careful Live Oak pruning and palm maintenance that follows best practices. We remove dead or hazardous limbs, improve structure, and keep your yard looking polished year-round. Count on friendly pros who take safety seriously. We work around your schedule and keep you updated the whole way."
Gulf Breeze,Santa Rosa,6400,"Healthy trees add value in Gulf Breeze, Santa Rosa, especially when Live Oaks and palms are maintained the right way. We provide seasonal trimming, disease monitoring, and soil-focused care to support steady growth. You’ll get professional service with a neighborly, local feel. We prioritize safe access, proper cuts, and a clean finish."
Starke,Bradford,5400,"Hurricane season in Florida can be tough on mature trees around Starke, Bradford. Our team strengthens your landscape with strategic pruning, root-zone care, and safety checks for leaning or split trunks. It’s a practical way to protect what you’ve invested in. You’ll get practical advice tailored to your lot and tree mix."
Wauchula,Hardee,5240,"If you’re in Wauchula, Hardee, now is the time to prep your canopy for hurricane season. We inspect for decay, correct overgrowth near roofs and power lines, and recommend removals only when truly necessary. Expect clean work, honest guidance, and fast turnaround. You’ll get practical advice tailored to your lot and tree mix."
LaBelle,Hendry,5100,"LaBelle, Hendry homeowners count on us for proactive tree care before Florida’s hurricane season ramps up. We handle structural pruning, cabling/bracing, and risk assessments so your trees are safer and your property stays protected. Schedule a quick on-site evaluation and get clear, local recommendations. We work around your schedule and keep you updated the whole way."
